No.,first_name,last_name,dob,email,phone,country,city,pc,created_at,updated_at
1,Matthew,Contreras,1995-10-07,johnsmith@gmail.com,0414-627-779,Australia,Melbourne,8018,2023-01-15 10:23:45,2024-09-01 12:30:20
2,Brenda,Cannon,1988-10-08,janedoe@yahoo.com,0495-195-938,Australia,Melbourne,6473,2023-03-10 14:45:50,2024-09-02 09:15:12
3,Kathryn,Matthews,1998-10-06,bsmith@gmail.com,0434-330-925,Australia,Melbourne,8552,2023-05-05 16:23:40,2024-09-03 13:50:30
4,Jeffrey,Harris,1997-10-06,brobinson@duncan.com,0432-125-147,Australia,Melbourne,6941,2023-07-18 11:12:56,2024-09-04 10:24:42
5,Megan,Hunt,1998-10-06,sara11@gmail.com,0437-725-970,Australia,Melbourne,9354,2023-09-10 15:35:18,2024-09-05 14:45:05
6,Michelle,Perez,2005-10-04,lhall@todd.com,0417-524-744,Australia,Melbourne,3806,2023-10-01 11:10:10,2024-09-06 09:00:50
7,Paul,Wells,1996-10-06,tfowler@gmail.com,0493-835-813,Australia,Melbourne,5999,2023-11-11 12:45:30,2024-09-07 16:30:25
8,April,Jackson,2003-10-05,hmoore@gmail.com,0467-509-349,Australia,Melbourne,3797,2023-12-02 17:22:45,2024-09-08 10:45:00
9,Steven,Williams,1996-10-06,debkirby@gmail.com,0420-868-981,Australia,Melbourne,4235,2023-05-20 09:13:29,2024-09-09 11:25:35
10,Johnny,Hunter,1972-10-12,jonesh72@hotmail.com,0416-324-280,Australia,Melbourne,5570,2024-01-15 14:00:00,2024-09-10 08:32:17
11,Kelly,Nichols,2000-10-05,chris@hotmail.com,0487-151-670,Australia,Melbourne,5978,2024-02-20 15:25:10,2024-09-11 10:12:30
12,Jeffrey,Khan,1978-10-11,bradhunt@morris.com,0431-567-236,Australia,Melbourne,2237,2024-03-01 18:12:45,2024-09-12 09:45:00
13,Kylie,Nielsen,1996-10-06,susan95@gmail.com,0478-672-709,Australia,Melbourne,5185,2024-04-15 13:50:20,2024-09-13 08:40:10
14,Benjamin,Mclean,1998-10-06,dennis50@hotmail.com,0457-727-934,Australia,Melbourne,4753,2024-05-18 14:25:45,2024-09-14 11:15:35
15,Larry,Griffith,2001-10-05,pthompson@mitch.com,0486-950-661,Australia,Melbourne,7479,2024-06-02 12:30:00,2024-09-15 09:10:00
16,Mathew,Espinoza,1995-10-07,sabrina@cross.bz,0472-861-982,Australia,Melbourne,7563,2024-07-01 16:10:50,2024-09-16 14:50:50
17,Haley,Horton,1962-10-15,pfitz@yahoo.com,0477-365-869,Australia,Sydney,8538,2024-08-05 13:35:45,2024-09-17 09:35:50
18,Vincent,Ferguson,1975-10-12,jessica@hotmail.com,0434-884-896,Australia,Brisbane,5312,2024-09-01 17:45:10,2024-09-18 10:40:30
19,Karen,Lamb,2006-10-04,tonya67@gmail.com,0487-741-344,Australia,Perth,7932,2024-10-01 18:15:35,2024-09-19 12:25:55
20,Matthew,Jordan,2005-10-04,yvonne35@hotmail.com,0447-179-830,Australia,Adelaide,3352,2024-11-12 13:12:45,2024-09-20 16:45:30
